{
    "name": "root",
    "gauges": {
        "KartAgent.Policy.Entropy.mean": {
            "value": 1.4419244527816772,
            "min": 1.4258630275726318,
            "max": 1.4426544904708862,
            "count": 10
        },
        "KartAgent.Policy.Entropy.sum": {
            "value": 72257.71875,
            "min": 71429.453125,
            "max": 72479.46875,
            "count": 10
        },
        "KartAgent.Step.mean": {
            "value": 499961.0,
            "min": 49990.0,
            "max": 499961.0,
            "count": 10
        },
        "KartAgent.Step.sum": {
            "value": 499961.0,
            "min": 49990.0,
            "max": 499961.0,
            "count": 10
        },
        "KartAgent.Policy.ExtrinsicValueEstimate.mean": {
            "value": -0.15586820244789124,
            "min": -0.15848597884178162,
            "max": -0.0004119442601222545,
            "count": 10
        },
        "KartAgent.Policy.ExtrinsicValueEstimate.sum": {
            "value": -125.62977600097656,
            "min": -128.69061279296875,
            "max": -0.33779430389404297,
            "count": 10
        },
        "KartAgent.Losses.PolicyLoss.mean": {
            "value": 0.024234788138419387,
            "min": 0.020973002151586113,
            "max": 0.026512289641735454,
            "count": 10
        },
        "KartAgent.Losses.PolicyLoss.sum": {
            "value": 0.12117394069209694,
            "min": 0.09516071795563524,
            "max": 0.13256144820867727,
            "count": 10
        },
        "KartAgent.Losses.ValueLoss.mean": {
            "value": 0.005399476618816455,
            "min": 0.0038734312300221065,
            "max": 0.00834376379304255,
            "count": 10
        },
        "KartAgent.Losses.ValueLoss.sum": {
            "value": 0.026997383094082276,
            "min": 0.01936715615011053,
            "max": 0.0333750551721702,
            "count": 10
        },
        "KartAgent.Policy.LearningRate.mean": {
            "value": 1.5687094771000005e-05,
            "min": 1.5687094771000005e-05,
            "max": 0.00028420785526405,
            "count": 10
        },
        "KartAgent.Policy.LearningRate.sum": {
            "value": 7.843547385500003e-05,
            "min": 7.843547385500003e-05,
            "max": 0.0012821994726001998,
            "count": 10
        },
        "KartAgent.Policy.Epsilon.mean": {
            "value": 0.10522900000000002,
            "min": 0.10522900000000002,
            "max": 0.19473595,
            "count": 10
        },
        "KartAgent.Policy.Epsilon.sum": {
            "value": 0.5261450000000001,
            "min": 0.5261450000000001,
            "max": 0.9273998,
            "count": 10
        },
        "KartAgent.Policy.Beta.mean": {
            "value": 0.00027092710000000005,
            "min": 0.00027092710000000005,
            "max": 0.004737323905,
            "count": 10
        },
        "KartAgent.Policy.Beta.sum": {
            "value": 0.0013546355000000003,
            "min": 0.0013546355000000003,
            "max": 0.021377250020000002,
            "count": 10
        },
        "KartAgent.Environment.EpisodeLength.mean": {
            "value": 1001.9387755102041,
            "min": 636.9666666666667,
            "max": 1566.0,
            "count": 10
        },
        "KartAgent.Environment.EpisodeLength.sum": {
            "value": 49095.0,
            "min": 38218.0,
            "max": 54521.0,
            "count": 10
        },
        "KartAgent.Environment.CumulativeReward.mean": {
            "value": -1.8607823593275887,
            "min": -2.3901422242634,
            "max": -1.6081472461732724,
            "count": 10
        },
        "KartAgent.Environment.CumulativeReward.sum": {
            "value": -91.17833560705185,
            "min": -96.48883477039635,
            "max": -79.9740021508187,
            "count": 10
        },
        "KartAgent.Policy.ExtrinsicReward.mean": {
            "value": -1.8607823593275887,
            "min": -2.3901422242634,
            "max": -1.6081472461732724,
            "count": 10
        },
        "KartAgent.Policy.ExtrinsicReward.sum": {
            "value": -91.17833560705185,
            "min": -96.48883477039635,
            "max": -79.9740021508187,
            "count": 10
        },
        "KartAgent.IsTraining.mean": {
            "value": 1.0,
            "min": 1.0,
            "max": 1.0,
            "count": 10
        },
        "KartAgent.IsTraining.sum": {
            "value": 1.0,
            "min": 1.0,
            "max": 1.0,
            "count": 10
        }
    },
    "metadata": {
        "timer_format_version": "0.1.0",
        "start_time_seconds": "1700933508",
        "python_version": "3.9.13 (main, Oct 13 2022, 21:23:06) [MSC v.1916 64 bit (AMD64)]",
        "command_line_arguments": "C:\\Users\\hahoa\\anaconda3\\envs\\mlagents_env\\Scripts\\mlagents-learn --run-id=runner1",
        "mlagents_version": "0.30.0",
        "mlagents_envs_version": "0.30.0",
        "communication_protocol_version": "1.5.0",
        "pytorch_version": "2.1.1+cpu",
        "numpy_version": "1.21.2",
        "end_time_seconds": "1700934016"
    },
    "total": 508.3152719,
    "count": 1,
    "self": 0.014503799999999956,
    "children": {
        "run_training.setup": {
            "total": 0.024010599999999993,
            "count": 1,
            "self": 0.024010599999999993
        },
        "TrainerController.start_learning": {
            "total": 508.27675750000003,
            "count": 1,
            "self": 0.665718800000775,
            "children": {
                "TrainerController._reset_env": {
                    "total": 18.0388631,
                    "count": 1,
                    "self": 18.0388631
                },
                "TrainerController.advance": {
                    "total": 489.5283390999993,
                    "count": 21333,
                    "self": 0.6723947000036219,
                    "children": {
                        "env_step": {
                            "total": 316.71086650000046,
                            "count": 21333,
                            "self": 292.1078727999987,
                            "children": {
                                "SubprocessEnvManager._take_step": {
                                    "total": 24.211539100002504,
                                    "count": 21333,
                                    "self": 2.055117900000301,
                                    "children": {
                                        "TorchPolicy.evaluate": {
                                            "total": 22.156421200002203,
                                            "count": 20869,
                                            "self": 22.156421200002203
                                        }
                                    }
                                },
                                "workers": {
                                    "total": 0.391454599999264,
                                    "count": 21333,
                                    "self": 0.0,
                                    "children": {
                                        "worker_root": {
                                            "total": 489.6615287000016,
                                            "count": 21333,
                                            "is_parallel": true,
                                            "self": 243.48711930000223,
                                            "children": {
                                                "steps_from_proto": {
                                                    "total": 0.002583400000002456,
                                                    "count": 1,
                                                    "is_parallel": true,
                                                    "self": 0.00012909999999877186,