{
    "name": "root",
    "metadata": {
        "timer_format_version": "0.1.0",
        "start_time_seconds": "1700930134",
        "python_version": "3.9.13 (main, Oct 13 2022, 21:23:06) [MSC v.1916 64 bit (AMD64)]",
        "command_line_arguments": "C:\\Users\\hahoa\\anaconda3\\envs\\mlagents_env\\Scripts\\mlagents-learn --run-id=test2 --resume",
        "mlagents_version": "0.30.0",
        "mlagents_envs_version": "0.30.0",
        "communication_protocol_version": "1.5.0",
        "pytorch_version": "2.1.1+cpu",
        "numpy_version": "1.21.2",
        "end_time_seconds": "1700930220"
    },
    "total": 85.9532366,
    "count": 1,
    "self": 0.009541399999989153,
    "children": {
        "run_training.setup": {
            "total": 0.025762700000000027,
            "count": 1,
            "self": 0.025762700000000027
        },
        "TrainerController.start_learning": {
            "total": 85.9179325,
            "count": 1,
            "self": 0.09540180000004739,
            "children": {
                "TrainerController._reset_env": {
                    "total": 32.9587318,
                    "count": 1,
                    "self": 32.9587318
                },
                "TrainerController.advance": {
                    "total": 52.72227089999997,
                    "count": 4323,
                    "self": 0.09070049999954932,
                    "children": {
                        "env_step": {
                            "total": 48.51812200000036,
                            "count": 4323,
                            "self": 45.61070500000037,
                            "children": {
                                "SubprocessEnvManager._take_step": {
                                    "total": 2.848648800000113,
                                    "count": 4323,
                                    "self": 0.19672210000005919,
                                    "children": {
                                        "TorchPolicy.evaluate": {
                                            "total": 2.651926700000054,
                                            "count": 3430,
                                            "self": 2.651926700000054
                                        }
                                    }
                                },
                                "workers": {
                                    "total": 0.05876819999987504,
                                    "count": 4323,
                                    "self": 0.0,
                                    "children": {
                                        "worker_root": {
                                            "total": 52.04198359999939,
                                            "count": 4323,
                                            "is_parallel": true,
                                            "self": 10.424101899999492,
                                            "children": {
                                                "steps_from_proto": {
                                                    "total": 0.0030953999999994153,
                                                    "count": 1,
                                                    "is_parallel": true,
                                                    "self": 0.0001063000000058878,
                                                    "children": {
                                                        "_process_rank_one_or_two_observation": {
                                                            "total": 0.0029890999999935275,
                                                            "count": 6,
                                                            "is_parallel": true,
                                                            "self": 0.0029890999999935275
                                                        }
                                                    }
                                                },
                                                "UnityEnvironment.step": {
                                                    "total": 41.6147862999999,
                                                    "count": 4323,
                                                    "is_parallel": true,
                                                    "self": 0.4038113000002923,
                                                    "children": {
                                                        "UnityEnvironment._generate_step_input": {
                                                            "total": 0.2957558999996692,
                                                            "count": 4323,
                                                            "is_parallel": true,
                                                            "self": 0.2957558999996692
                                                        },
                                                        "communicator.exchange": {
                                                            "total": 39.651773400000124,
                                                            "count": 4323,
                                                            "is_parallel": true,
                                                            "self": 39.651773400000124
                                                        },
                                                        "steps_from_proto": {
                                                            "total": 1.2634456999998136,
                                                            "count": 4323,
                                                            "is_parallel": true,
                                                            "self": 0.42912929999904037,
                                                            "children": {
                                                                "_process_rank_one_or_two_observation": {
                                                                    "total": 0.8343164000007732,
                                                                    "count": 25938,
                                                                    "is_parallel": true,
                                                                    "self": 0.8343164000007732
                                                                }
                                                            }
                                                        }
                                                    }
                                                }
                                            }
                                        }
                                    }
                                }
                            }
                        },
                        "trainer_advance": {
                            "total": 4.11344840000006,
                            "count": 4323,
                            "self": 0.10297560000020667,
                            "children": {
                                "process_trajectory": {
                                    "total": 2.86414609999985,
                                    "count": 4323,
                                    "self": 2.86414609999985
                                },
                                "_update_policy": {
                                    "total": 1.146326700000003,
                                    "count": 1,
                                    "self": 0.5830679000000032,
                                    "children": {
                                        "TorchPPOOptimizer.update": {
                                            "total": 0.5632587999999998,
                                            "count": 1,